Nombre_imagen,BRISQUE_SCORE,PIQE_SCORE,NIQE_SCORE
Imagen10.png,32.75805580612,50.4574350047232,3.13375227263202
Imagen100.png,18.8664193179256,39.0743542910431,2.95272570857032
Imagen100_1105.png,17.3893360506739,34.5013239890756,2.80089887119582
Imagen100_1505.png,17.835573073675,34.8460897231838,2.78265243446535
Imagen100_205.png,20.4066481113822,25.819570746818,2.32980182219555
Imagen100_505.png,16.1006491205134,34.5081587955294,2.81244897250158
Imagen100_805.png,17.0543001081817,34.5385774424471,2.808558271391
Imagen101.png,20.6361437510296,31.6603655687051,2.62133622148688
Imagen102.png,51.1199069043368,51.7067124272071,5.28637154806365
Imagen102_1105.png,40.2437659954755,31.3809482002046,3.97675558714896
Imagen102_1505.png,40.1262888158035,28.5098047568985,4.12039633720098
Imagen102_2015.png,38.8509444662952,28.0153257419398,4.05195651612884
Imagen102_2035.png,38.8199642058145,27.588196743908,4.04524589470395
Imagen102_205.png,39.0947511157453,30.0451119853639,4.10151960839794
Imagen102_5015.png,39.1919588081092,30.7262634675315,3.9789507430155
Imagen102_505.png,39.8270563885967,30.3086847925552,3.96708064680973
Imagen102_8015.png,39.4731088161518,28.4768285512892,4.06344097662929
Imagen102_805.png,40.0196910159385,31.5243296791986,3.96589316807768
Imagen104.png,34.6631735826474,45.2090768883756,3.70459344567841
Imagen104_11015.png,15.1969378363502,35.5266311145918,3.07505865982901
Imagen104_1105.png,15.0313394498613,35.7142056889399,3.10311736393126
Imagen104_11050.png,15.6611761612745,35.0805916154084,3.04615539041719
Imagen104_15015.png,18.3365194935383,35.8792809640359,3.0353064406793
Imagen104_15025.png,15.629971249669,35.3709754954886,3.07101362113328
Imagen104_15035.png,15.8707548282945,35.5982019462066,3.05392610797332
Imagen104_1505.png,18.1925498939919,34.9719083167156,3.04504197402776
Imagen104_15050.png,15.9554078202555,35.4776936020096,3.03606747200322
Imagen104_2015.png,18.054836273456,34.510313314175,3.05375441811385
Imagen104_5015.png,14.8381787685153,34.5808036642431,3.06330189294161
Imagen104_505.png,14.6146711171522,35.3280502257878,3.10329397456418
Imagen104_8025.png,15.2119969491715,35.0195838365862,3.03449365806866
Imagen104_805.png,14.915229026335,35.6723675871969,3.11471017151194
Imagen106.png,25.4549767678816,32.4433089932412,2.45554450223015
Imagen106_11015.png,23.5702822397699,12.1976196636147,2.51646935620193
Imagen106_1105.png,23.0521026908493,11.6035549123606,2.50343544877102
Imagen106_15015.png,23.7979616375361,12.1237661143087,2.50209769523728
Imagen106_1505.png,23.247314497014,11.7152309063489,2.50034864141908
Imagen106_2015.png,20.4038669536314,11.9713125716056,2.63220952674523
Imagen106_205.png,21.646143795176,11.2622439342881,2.53631063390467
Imagen106_5015.png,22.8936540220413,12.1194324302705,2.52078882205028
Imagen106_505.png,22.8817556731784,11.7822190648698,2.50287572070538
Imagen106_8015.png,23.4456635195607,12.1988500175989,2.5067052607667
Imagen106_805.png,23.1299183950496,11.1231284551488,2.50901179899829
Imagen108.png,18.9233832836942,36.864246823869,3.02770268477349
Imagen10_1105.png,23.1312048000696,30.3217774596756,2.61795980574204
Imagen10_15015.png,24.6303232170084,31.4446373846073,2.68325674241978
Imagen10_15025.png,26.8764189545509,31.3345015723883,2.62746238028679
Imagen10_15035.png,27.4674223847965,32.6606209112179,2.71968018917093
Imagen10_1505.png,23.3763523027822,30.936356061972,2.61425238022536
Imagen10_205.png,26.8159626555978,31.3909752332695,2.68941867012997
Imagen10_5015.png,26.6829484141708,33.2208515024056,2.71572243270242
Imagen10_5025.png,26.1848818726741,33.791930447487,2.69200586455753
Imagen10_5035.png,26.1323952073678,33.069652343143,2.71442324901348
Imagen10_505.png,23.8932413581387,29.9072306663019,2.61200141984865
Imagen10_8015.png,26.9665524732479,31.873023140947,2.65653510773106
Imagen10_8025.png,26.8204850033886,33.2379310393789,2.65870790802228
Imagen10_8035.png,26.7372740229099,33.6584754280741,2.69390116646802
Imagen10_805.png,23.0100669381051,30.407525229834,2.61319281341807
Imagen11.png,41.1165081547445,48.1869307468404,3.21087904895246
Imagen110.png,9.86256241524696,33.7846616645386,3.16644835356472
Imagen111.png,20.0155548628223,41.0281322470237,2.89678087108919
Imagen112.png,34.6296538841443,45.7920914834403,3.34686763124761
Imagen112_1105.png,28.9507001853314,24.1120153081628,3.23222877429452
Imagen112_1505.png,29.5373375051949,23.1706514736794,3.31235975546262
Imagen112_2015.png,26.1794914739563,23.858682537213,3.38887168704104
Imagen112_505.png,28.2096144092772,24.1471094905013,3.25425869313109
Imagen112_805.png,29.1101953129842,23.8692606506726,3.28713512138025
Imagen113.png,27.968946209123,41.8619024933454,5.00322058085393
Imagen114.png,40.3028417787731,47.7916692810594,3.80963727289388
Imagen114_11015.png,36.9134363756872,30.6252365738772,3.32131153063404
Imagen114_11025.png,37.7888869840047,31.663484889627,3.28308585064385
Imagen114_11035.png,41.1083433049065,32.5056747533368,3.49784752964182
Imagen114_1105.png,37.4659453547169,30.9189401798008,3.2931765596442
Imagen114_11050.png,43.356982465169,34.3473895213831,3.74448328994939
Imagen114_15015.png,36.5514420856134,31.0402174413064,3.31086129312787
Imagen114_15025.png,37.4259496739759,31.3726082244382,3.26700397868104
Imagen114_15035.png,40.7549238817149,32.6655195072865,3.43901699026115
Imagen114_1505.png,37.1171200580787,31.3205068982344,3.25232434949289
Imagen114_205.png,37.8287421857388,28.3321456538583,3.37318384884211
Imagen114_2050.png,42.8431093711694,30.8931791380159,3.75905581811079
Imagen114_5015.png,38.3648707305412,29.51196695264,3.37144314895468
Imagen114_505.png,37.3787698212673,30.3676479285638,3.280986647304
Imagen114_5050.png,43.3760819455583,33.1890478967363,3.7993382194311
Imagen114_8015.png,37.2758444707869,30.4204323564368,3.32134687381056
Imagen114_805.png,37.4880261115845,31.3714077513966,3.29422085176651
Imagen116.png,22.7445178289161,45.9849098466859,3.26824946752666
Imagen117.png,36.6994462825618,45.2601650676968,6.14722134242874
Imagen118.png,42.7380402186076,24.5296162648445,5.68591320411996
Imagen119.png,42.3504889974889,25.8436389086905,4.24307324353135
Imagen11_1105.png,22.2366642197355,29.3936697547464,2.50151765713977
Imagen11_1505.png,22.4877280332911,28.7769977450664,2.50136969726891
Imagen11_205.png,25.1335107900143,29.8163578740023,2.5725213598351
Imagen11_505.png,21.7002092981807,29.3415959175877,2.50274517072505
Imagen11_805.png,21.8400614433378,29.5525919437081,2.49252362398766
Imagen120.png,39.7267247159042,17.5721558230419,5.38767604957182
Imagen120_2015.png,11.318592300204,10.7775774810502,3.53745100980012
Imagen120_2025.png,39.4259745299611,15.2565733596185,4.11518075390628
Imagen120_2050.png,11.9351679626856,11.7070450281094,3.59368589082802
Imagen120_5015.png,29.344077429579,12.1904341924229,3.92678366135132
Imagen120_5025.png,32.7488118740722,12.049700992995,3.9475938562378
Imagen121.png,39.0476639339487,61.9455623555739,3.69080474481081
Imagen121_1105.png,44.4021996158972,63.4914994985358,3.75452310610388
Imagen121_1505.png,27.3506559435431,42.2388888569896,2.39607917433791
Imagen121_205.png,24.3310385736321,40.6737795415868,2.3293174608569
Imagen121_8015.png,45.8443832026527,66.5163257887331,3.8544193721496
Imagen121_8025.png,26.0033316396166,43.9220905950469,2.11698448580347
Imagen121_8035.png,27.9103528011732,45.8546037061533,2.36741738382589
Imagen121_805.png,23.9150998446126,43.9286201991276,2.41377302643731
Imagen121_8050.png,44.2978418886635,66.5898118673516,3.83616532770108
Imagen136.png,56.0785493961849,54.1713835869572,3.90301429932035
Imagen136_205.png,16.2903609218199,17.6459223514811,3.30372013508781
Imagen136_505.png,17.0962834249678,18.5302894740017,3.27873480855336
Imagen14.png,42.9451985440028,42.4847443864299,3.60410767148133
Imagen141.png,56.1686144798638,50.2223856594517,3.32470541217381
Imagen142.png,32.0679103248368,48.7897935617105,3.62879239919346
Imagen143.png,29.7412699995325,33.778708810357,2.4698794581805
Imagen144.png,29.6055844624077,32.8307301056069,4.8211971392685
Imagen15.png,13.6769069945237,11.7633334631516,3.14073154410457
Imagen154_205.png,14.6938062853855,25.628625523686,2.02689520974217
Imagen154_505.png,11.7334689583301,25.8715979794512,2.03147544764465
Imagen156.png,62.0047766375668,49.2018374471276,4.04930054338301
Imagen156_205.png,24.7577784665293,24.7248047514598,3.17288190658425
Imagen156_505.png,24.8884800425157,25.1398139820552,3.14749344917704
Imagen157.png,59.8247153076046,44.4084150252904,3.58818552474963
Imagen15_1105.png,12.3960919953307,20.1379674083997,3.36138190627139
Imagen15_205.png,9.48848162257745,20.0029947050347,3.23776118910355
Imagen15_505.png,8.93100857397383,20.4094518941509,3.20169953022595
Imagen15_805.png,8.40394811886302,20.2449791564709,3.15118852335597
Imagen16.png,38.0705677198539,55.6013710029519,3.24053570700147
Imagen161.png,29.6055844624077,32.8307301056069,4.8211971392685
Imagen161_205.png,18.4424871491415,15.7006118615232,4.10715864840739
Imagen163.png,29.8975985496975,25.9102494109355,3.08720126605586
Imagen163_205.png,19.46268877245,21.387011492045,3.17736843346456
Imagen165.png,13.5338024369441,21.8313839890126,2.80501114686066
Imagen165_2025.png,55.1221133444138,80.9425715405781,5.44713840739772
Imagen165_8015.png,21.7177419139104,22.201551516251,4.13314149202989
Imagen165_8025.png,21.0434448568082,14.5862401319311,3.32469777603222
Imagen171.png,27.11820847132,30.9230174881209,3.2287715431167
Imagen171_5015.png,31.1642545798028,28.9758074495243,2.80465090963465
Imagen172.png,7.63400780868923,26.5839117907756,2.7601005008988
Imagen174.png,22.3055094211399,43.2773899751918,4.09248503953089
Imagen174_205.png,43.0118372090725,23.6504456307347,4.73524540142396
Imagen174_505.png,39.4582507865986,48.158428252217,4.81808074537053
Imagen177.png,26.3027493910956,26.095168707278,2.15108077448584
Imagen181.png,23.191243785742,41.9090644143475,3.84167182158621
Imagen181_505.png,9.06147218420764,16.6388345490904,2.72753929045909
Imagen186.png,13.9043116758966,21.860234985818,2.87366311820368
Imagen191.png,24.0038345174033,33.8718101482087,2.59899908097724
Imagen19_11015.png,44.8521847534466,50.6325510437757,3.8976091279567
Imagen19_11025.png,55.9453271582034,80.869150310664,4.86917675012798
Imagen19_15015.png,47.1278044450983,62.4664270380799,4.23765641644595
Imagen19_15025.png,49.9054707561244,70.8880217144696,4.55875361573647
Imagen19_5015.png,49.3146916161565,69.1019576702896,4.75165237642212
Imagen19_5025.png,46.3116601805612,63.2240173261588,4.26749554266955
Imagen19_8015.png,32.0536164073699,24.6216944089299,3.00057708132979
Imagen19_8025.png,31.5751533407555,20.4649791989411,3.16313662736983
Imagen19_8035.png,60.7317515275091,89.0098868983172,5.67390232238669
Imagen20.png,22.3465781099519,33.4470636331235,2.38961408636389
Imagen200.png,21.8027552139664,15.4815297865083,2.08929732694761
Imagen201.png,25.6417218866579,19.2390846238239,2.69471888316976
Imagen202.png,21.8027552139664,15.4815297865083,2.08929732694761
Imagen203.png,21.9420567564757,38.8633217409798,3.35332041543614
Imagen203_205.png,9.19535943333288,26.2793922988682,2.86868782570235
Imagen203_505.png,8.1570497845107,26.8563882598157,2.81370105587116
Imagen203_805.png,9.03691715185953,26.7113953170162,2.67940355769449
Imagen204.png,38.2533067484361,42.9459916546865,3.04507794823209
Imagen20_11015.png,26.3324085599035,33.6139142712253,2.47399138565304
Imagen20_1105.png,24.110076572214,36.19286947195,2.55990297603931
Imagen20_15015.png,24.3605523198723,33.7281351087085,2.50394895138123
Imagen20_15025.png,26.997957284653,33.1668118638874,2.49462347035309
Imagen20_1505.png,25.3664423230147,37.1074775859291,2.60477353976265
Imagen20_205.png,26.4893646166594,33.30542323027,2.4822396352369
Imagen20_505.png,26.9218331405543,35.1101957177889,2.52878141647451
Imagen20_805.png,23.998156744283,36.0561365944637,2.54113501863395
Imagen21.png,20.2916161110278,34.6730565272958,2.65542647773578
Imagen211.png,25.784338165389,46.9791220834717,2.34224887690528
Imagen212.png,15.7284607842535,27.0504015932764,1.84179292425615
Imagen213.png,34.2389007228948,21.5108843715944,2.66032043343922
Imagen214.png,15.3580645172609,27.2444067446903,2.5266438703821
Imagen216.png,40.0672768603152,27.7266314414431,3.32576625164532
Imagen219.png,23.9953906787224,33.7940267699677,1.98062707162821
Imagen21_11015.png,25.0072709294531,28.3609464341033,2.55434082291195
Imagen21_1105.png,22.8472247615056,28.6779855424262,2.62944644876417
Imagen21_15015.png,22.0992530158454,28.5058092595881,2.56393849885712
Imagen21_15025.png,26.1233087336015,28.61371542953,2.58156264410035
Imagen21_1505.png,24.0085069532018,28.95007037672,2.61868729594829
Imagen21_205.png,25.7583618104183,28.7126688551002,2.59414105052963
Imagen21_505.png,24.8231555369072,28.3259752996651,2.54671459726822
Imagen21_8015.png,26.1717245913341,28.8771535416764,2.55710877717149
Imagen21_805.png,21.9742612739429,28.7547454564817,2.61786288959791
Imagen22.png,35.6459099738963,40.344105071761,2.83930795337085
Imagen224.png,29.5602799298934,24.9453529193245,5.27330143499795
Imagen228.png,16.8435776052716,38.4324989910232,2.397432764004
Imagen228_11035.png,19.2452813121686,35.8798039133212,1.6798394979791
Imagen228_11050.png,19.1482585938697,35.4860957416945,1.68381816371633
Imagen228_15035.png,18.6158951011874,35.5509677778043,1.66569606669207
Imagen228_15050.png,18.5302966232281,36.298553687558,1.65685769684946
Imagen228_2035.png,22.757808655418,34.5435861146547,1.68689917056296
Imagen228_2050.png,22.7159255133949,35.0315210589804,1.68020923689143
Imagen228_5035.png,20.8246156581481,35.6769987106641,1.68444443250454
Imagen228_5050.png,20.7824759735915,35.4163198762782,1.68275908930829
Imagen228_8035.png,19.9088450273308,35.0862299181535,1.68162647047774
Imagen228_8050.png,19.8167900230879,35.5610606488366,1.67695225429149
Imagen22_11015.png,26.8252875255989,32.1477052613828,2.60660167208117
Imagen22_11025.png,26.7171265113093,31.1303453820032,2.58921870418401
Imagen22_1105.png,22.4096396450379,33.1178013108377,2.70014787908664
Imagen22_15015.png,25.105135438517,32.1393076425929,2.57786969877384
Imagen22_15025.png,27.3584052228411,31.47440186282,2.61132672205953
Imagen22_1505.png,22.9586085447126,33.4011266428366,2.73189946808709
Imagen22_2015.png,23.8911837885387,32.314779565021,2.54103232221951
Imagen22_205.png,25.7135505136403,31.8082483606386,2.65513983036668
Imagen22_5015.png,25.3125443795982,31.7504333491823,2.59493557121422
Imagen22_505.png,26.4234350802687,32.4138669805822,2.66381865581566
Imagen22_8015.png,26.5293705696349,30.4086078995641,2.62932688217492
Imagen22_805.png,23.1299862425783,32.6204881668601,2.66898547478112
Imagen23.png,33.7262362593105,39.5083761135808,2.96572047669508
Imagen231.png,13.4533820626215,25.2859498843127,2.38613180316216
Imagen231_5015.png,20.0818041975019,26.13484045119,2.11512712285774
Imagen234.png,22.8968907843716,39.7850961723166,2.08203368749866
Imagen239.png,49.636815475287,51.3587058524051,3.65872316185694
Imagen23_11015.png,26.3987480005922,31.0163621710503,2.79483075058417
Imagen23_1105.png,21.6920816742778,32.9527029714494,2.82315027429372
Imagen23_15015.png,23.3854859846356,31.2224454702761,2.72733213981941
Imagen23_1505.png,23.2029209363975,33.4410173035543,2.86397196990662
Imagen23_205.png,27.1074700477005,32.0901815621342,2.83878601260737
Imagen23_505.png,24.9963794711615,32.3307551453993,2.79167296444969
Imagen23_8015.png,27.0928600053204,32.8711656313471,2.79651049976699
Imagen23_805.png,21.1883382838434,33.0275457010321,2.79921595715023
Imagen240.png,18.280212840682,24.7797614693932,2.37503589084256
Imagen241.png,24.2976869822713,40.7150998256468,2.67739198693268
Imagen244.png,19.2900354218777,47.0060839168904,2.3109619431903
Imagen245.png,22.8062759646512,41.5066669639154,2.61580344629672
Imagen25.png,41.4257073419161,40.6257030881177,3.20157917973317
Imagen251_205.png,41.7967783428029,47.7571529925329,3.73831279218183
Imagen255.png,25.5019762097091,37.7837851341136,3.07172791045285
Imagen25_11015.png,29.4741092420916,34.0501535701742,2.669978978712
Imagen25_1105.png,25.9484434596059,34.1605773814476,2.52360842818086
Imagen25_15015.png,29.8524225812423,34.1378752411097,2.68755900069246
Imagen25_1505.png,24.8142350955468,34.3447841704397,2.56727946739384
Imagen25_205.png,29.7952077576252,33.8285551438048,2.57130449748942
Imagen25_5015.png,29.4941210687716,33.986483267741,2.63721149522451
Imagen25_505.png,29.1644863662889,34.1644094786614,2.65370186920818
Imagen25_8015.png,29.5361073036979,33.5800171096035,2.63788317479517
Imagen25_805.png,27.2656849013248,35.0105471151461,2.52839105395723
Imagen27.png,25.9688814817145,20.6264015449845,2.60769279903528
Imagen272.png,6.87928614183561,16.9194893461758,2.50206765258642
Imagen272_205.png,20.3732146149261,15.3992650752365,2.79621299953339
Imagen272_505.png,21.4663770029531,15.4063901607733,2.75016899039869
Imagen272_805.png,20.5122872390714,15.5030952666038,2.67326336919688
Imagen273.png,21.1618399918922,46.1821841734568,2.52580871656222
Imagen274.png,16.2668045370962,23.8068953343347,2.92555019794159
Imagen279.png,16.9682783746632,38.9925901607792,2.70066805089415
Imagen27_1105.png,18.0480055713344,19.9202642209188,1.9453969284717
Imagen27_1505.png,17.9909533111268,20.5569512374162,1.95433558210863
Imagen27_205.png,12.7658559790352,20.3439452073995,1.94362354187761
Imagen27_505.png,16.5668796796218,20.0593629671396,1.95793738930937
Imagen27_805.png,17.6958702933673,20.1375845956415,1.9523504771788
Imagen28.png,44.9400802787333,28.5846372652419,3.39797454651681
Imagen280.png,32.1789106634427,27.0797363620808,2.29758954056967
Imagen282.png,3.01663446410992,24.4854991660263,2.81338702139596
Imagen284_1105.png,19.702404055973,27.6742304892621,2.07868871089202
Imagen284_205.png,14.0409193874244,26.3249092758518,1.99959413652155
Imagen284_505.png,16.0773003411823,26.3424467661661,2.04117558627256
Imagen284_805.png,17.839607454367,27.5577017661512,2.05379263312726
Imagen285_205.png,18.6883590752837,19.132652047921,2.488769727586
Imagen285_505.png,21.2042755694479,20.4928015953227,2.50389018327526
Imagen285_805.png,21.9444859543639,22.1711420837052,2.50863699634225
Imagen286_205.png,-1.82159738690476,20.9907310584276,3.0781501478946
Imagen286_505.png,-1.58574589806172,21.5284748077502,3.04015586809822
Imagen286_805.png,-0.702060304200657,21.5381010981572,3.03102912807034
Imagen29.png,25.1412841849816,31.1404801679765,2.54913002698082
Imagen290.png,14.4279049697478,22.5128313594781,2.58484667311737
Imagen291.png,26.3685399029178,24.6169739392628,2.12993050880357
Imagen291_1105.png,25.1952753767624,20.7840549467632,2.37123908180874
Imagen291_205.png,22.1395145512827,21.1194589194697,2.40838865569248
Imagen291_505.png,24.1606813728062,20.835796848642,2.38351349403762
Imagen291_805.png,25.0484608123555,20.9539506396926,2.37571357579548
Imagen292_205.png,19.9681900109761,23.8257945411375,2.61364232540131
Imagen292_505.png,16.2471364494226,24.7144529921367,2.64139818995367
Imagen293_205.png,22.5434030840725,22.7233782651173,2.16859147925241
Imagen297.png,0.60612173998188,20.4206620015328,2.72674954227897
Imagen298.png,24.9262393906701,18.2757371985293,1.96938350843867
Imagen299.png,14.8826414995342,30.5076437881134,3.04255140265206
Imagen299_205.png,14.9653624525505,35.9326833828828,2.56410399620852
Imagen299_505.png,12.1365101624902,36.7809198756722,2.56804337458084
Imagen299_805.png,11.9526352652115,37.066709632435,2.57320195668157
Imagen29_11015.png,18.9433608258354,28.4514399092647,3.32008193270127
Imagen29_1105.png,25.6352214520901,32.0461458570121,3.28657222453237
Imagen29_1505.png,25.7642601911019,31.6444048105069,3.31844552283864
Imagen29_505.png,28.0918426323394,27.4761226279356,3.32359427651626
Imagen29_805.png,25.2726123460463,27.62160177288,3.27074429572386
Imagen30.png,23.880137045282,32.8788162205638,2.53317031031009
Imagen301.png,20.2590354460787,27.2158583493993,2.00888611896388
Imagen301_205.png,11.6471660059871,17.8237878397686,1.81160800920583
Imagen301_505.png,14.0126174291017,18.9410749289879,1.81090367804931
Imagen303.png,29.5087452590417,25.480854128549,2.35811829492741
Imagen304_15025.png,28.8520565524322,22.1921797532128,2.64969343756198
Imagen304_2015.png,29.6936962670063,20.1525896227473,2.89796827584253
Imagen304_205.png,29.4460035306424,17.1948717352886,2.62628182867287
Imagen304_5015.png,32.9744197037708,20.6614700731208,2.67856001326479
Imagen304_505.png,27.8681905270538,18.0543809827699,2.58847975583618
Imagen305_15035.png,7.39474837933727,28.710184585756,2.74692557536674
Imagen305_2015.png,7.15241269161564,25.5319791441306,2.85876431812872
Imagen305_205.png,16.4434354087547,20.6513429716527,2.65793733644122
Imagen305_505.png,19.3604583253704,20.9705539801823,2.5992704941057
Imagen306_205.png,23.7811113687276,19.3824340111651,2.83215568877424
Imagen306_505.png,25.5691377118795,20.1858011085682,2.78588852138442
Imagen307_205.png,12.6094400135446,20.4754253220065,2.61185476410255
Imagen307_505.png,9.47742036233671,20.9951179832045,2.6107443214114
Imagen307_805.png,8.6605158454034,21.2742104458708,2.60713979560248
Imagen30_11050.png,13.7755044858593,30.6906299429801,2.24056388929977
Imagen30_15050.png,12.6900663491781,30.6086762487807,2.24192849303718
Imagen30_2015.png,23.6192131091893,29.0670275965141,2.30187938018804
Imagen30_2025.png,10.1336792016563,30.7408854281874,2.22819451644583
Imagen30_2035.png,19.4786166114752,31.0795037131989,2.28270437257493
Imagen30_2050.png,19.0117213932177,31.6131681703476,2.27934518346533
Imagen30_5025.png,25.0370664890995,46.1280682400188,3.08326881389469
Imagen30_5050.png,16.3385349896882,30.7935266591579,2.24542857527925
Imagen30_8025.png,22.9516751466208,31.0376602419264,2.23965097322783
Imagen30_8035.png,15.2032493412425,30.9839730969837,2.27259240376203
Imagen30_8050.png,14.5739556568753,30.5689640806081,2.26878371003291
Imagen31.png,28.7587097024181,34.597527306914,2.59034496583622
Imagen312.png,18.4966226337848,26.2002763405947,3.15677496550802
Imagen315.png,30.3702600499898,35.9886551114635,3.01223949697369
Imagen316.png,28.8655626768607,34.865527553979,2.81457711369173
Imagen319.png,36.4418946030051,31.7477672515854,3.84950381492555
Imagen31_11015.png,38.4579644923571,48.0050246603052,3.56339671446648
Imagen31_1105.png,36.6109609601298,44.004952006798,3.58779515849561
Imagen31_15050.png,11.2760927271639,28.406740499858,2.37255111706438
Imagen31_2015.png,37.3216737900139,48.7166184989,3.4993185096543
Imagen31_205.png,38.1196236502914,46.9757250205773,3.73831570844586
Imagen31_2050.png,9.52398643747139,29.7788684557334,2.3968606754992
Imagen31_505.png,38.4246045754153,45.9112827836303,3.72366137157283
Imagen31_5050.png,10.4896911907812,29.5477380176755,2.39289741770268
Imagen31_8015.png,38.1817328160813,50.0947257717986,3.71089097325574
Imagen31_8025.png,17.2031169449919,26.8710813790703,2.98328871719866
Imagen31_805.png,35.6238923610833,45.3056023760757,3.79026394546703
Imagen31_8050.png,10.9489669535758,28.8192737673693,2.38475973286306
Imagen32.png,29.179557101668,42.7645211582475,2.54203875958504
Imagen325.png,26.6955937104286,22.4668123166182,3.40947170282981
Imagen32_1505.png,19.0742532462345,27.1530608413077,2.21682282251174
Imagen32_205.png,38.958497983318,47.521433383476,3.64317046081618
Imagen32_5025.png,39.7672669626264,55.2585076920894,3.86280542826243
Imagen32_505.png,37.4143396050925,40.5270202096563,3.04375897017442
Imagen32_8025.png,16.7055438169453,25.6788362065059,2.93268918146925
Imagen32_805.png,36.6093801134256,35.7083029807635,3.36620133086024
Imagen33.png,23.8889495753554,30.8074848533791,3.04966249867131
Imagen34.png,24.5705273477924,46.3179558606725,2.84173206184223
Imagen34_1105.png,25.0759096031223,27.136304408193,2.75402113051373
Imagen34_2015.png,25.8798186466399,26.5313031280899,2.64506400103516
Imagen34_205.png,25.3275692588418,26.2678635624585,2.6582052496465
Imagen34_5035.png,26.6797378867596,27.9323530550343,2.58496636713159
Imagen34_505.png,24.9273722912237,27.0601067354155,2.68141241811049
Imagen34_8015.png,25.4463199466283,27.5601043405689,2.64942781942922
Imagen34_8035.png,26.8603460226843,27.7966695294128,2.54413282902727
Imagen34_805.png,24.8699960932683,27.1092970682355,2.73245611330323
Imagen35.png,22.4439104856999,24.1551195580481,4.05863327124967
Imagen37.png,45.2596958662008,49.4798862476892,3.21786089633864
Imagen4.png,27.8786892501569,37.8547815901271,4.76728772442987
Imagen40.png,24.1835047240736,32.1591980925355,2.2674936235985
Imagen401_1105.png,11.857902339853,40.1217384755275,2.27519792707211
Imagen401_15015.png,15.9190765753137,42.7604160451048,2.2556430998921
Imagen401_15025.png,17.927889236334,43.8127415620994,2.2433980005822
Imagen401_15050.png,20.6113563359392,44.8887084272843,2.09120493702288
Imagen401_2015.png,23.262327086501,41.774397806531,2.0833342743061
Imagen401_2025.png,23.7490832259401,43.7860490492107,2.09111414295264
Imagen401_2050.png,23.7286784081884,45.8926948069315,2.10333172459564
Imagen401_5015.png,20.7219701273319,42.1042354394946,2.17071889797724
Imagen401_5025.png,21.7732906304606,43.6858251329777,2.18091622143136
Imagen401_505.png,15.1509833056166,40.0061713056771,2.2205396846992
Imagen401_805.png,13.0402431017552,40.1467740659171,2.24921298883893
Imagen402_11015.png,16.4620773354139,41.614546555355,2.81029187794627
Imagen402_15015.png,17.7243550348852,41.0921023831285,2.8377287241877
Imagen402_2015.png,18.9489865049364,42.209125652298,2.88650681227266
Imagen402_205.png,14.7329972628654,36.5783721159966,2.68760894267388
Imagen402_5015.png,15.6782256238537,41.4919257601046,2.79255832349414
Imagen402_5035.png,28.8792123231326,49.7537339727086,2.87141676992697
Imagen402_505.png,17.7782669508422,37.4741195640828,2.67718522325052
Imagen402_8015.png,15.7707339608886,41.4306111519543,2.77082551837473
Imagen402_8025.png,21.2782403092556,45.9874523793124,2.80984553899895
Imagen402_805.png,19.1434523755032,37.0949061817503,2.71955514581035
Imagen403_1105.png,17.9289550064626,33.8447964045447,1.83117011238697
Imagen403_15015.png,14.7879643449326,35.4587955187619,1.7914088454116
Imagen403_2015.png,9.75813672478173,34.1920962794838,1.68408094630434
Imagen403_2025.png,10.2733817388616,37.0579414886067,1.66320673746793
Imagen403_205.png,12.5957266271442,34.00590982941,1.80000272593354
Imagen403_5015.png,11.0846213134701,34.350192580834,1.75588018799365
Imagen403_505.png,14.3667923459363,34.0782719373604,1.82057022749051
Imagen403_8025.png,12.5068710437402,37.2780814486871,1.71196166243127
Imagen403_805.png,16.3800639462616,34.5540655516872,1.81850988091986
Imagen404_11015.png,25.828222647175,41.0820102553735,2.3245487656094
Imagen404_1105.png,27.5183593305954,38.3755121659887,2.21932323172063
Imagen404_15015.png,27.356846761993,40.8160155591398,2.31445634686112
Imagen404_15050.png,20.8186083339496,43.2277543601343,2.46240414957786
Imagen404_2015.png,17.7383723515457,40.4693463245057,2.36218137638256
Imagen404_2025.png,13.1157022118314,42.4820628928574,2.52338898432632
Imagen404_205.png,24.7915455391529,38.0989012426786,2.19600379103991
Imagen404_5015.png,22.4245380004946,40.8148229125688,2.32462522173533
Imagen404_505.png,26.590931066174,38.2686480854054,2.20684053542482
Imagen404_5050.png,16.9051880903675,43.8144072428593,2.50716690640995
Imagen404_8015.png,24.4779286915312,40.4543398921648,2.31434710603201
Imagen404_805.png,27.0121784029695,38.3712500509006,2.21903061270854
Imagen405_11015.png,12.4709705156358,37.824266735162,2.31922177453926
Imagen405_1105.png,19.034677731647,35.4837583506943,2.32001282154255
Imagen405_15015.png,13.6963407187521,37.7584536763051,2.31585087869409
Imagen405_2015.png,11.2148942214754,38.4789776677547,2.30874262706912
Imagen405_2025.png,11.581077354997,39.7719589689448,2.38330318157027
Imagen405_205.png,10.4980227159924,35.7236620824649,2.24881310175807
Imagen405_5015.png,11.6317769411791,38.268251725513,2.31144541168745
Imagen405_505.png,12.9634716028091,35.5440996085606,2.25391803164172
Imagen405_8015.png,12.0693658529746,37.3716995746184,2.31381496985903
Imagen405_8025.png,12.3780493324811,38.6458241683,2.37094679456418
Imagen405_805.png,16.3133855820547,35.6215135463746,2.30128480866429
Imagen406_11015.png,7.0633727869222,34.2854687072896,1.96634243148069
Imagen406_15015.png,6.65712028135586,34.6607519516082,1.99452337142266
Imagen406_15025.png,6.95287965849973,35.8129308290083,1.98477608990846
Imagen406_2015.png,16.3603660459715,33.5244569951027,1.93804018344091
Imagen406_205.png,9.88646393318464,31.83892626119,1.95978528005946
Imagen406_5015.png,11.3206443204872,33.635187309549,1.97943798654068
Imagen406_5025.png,12.3211091791847,35.5204896410661,1.99106770518706
Imagen406_5035.png,12.4549427439905,37.7168511572335,1.99675004671316
Imagen406_505.png,7.21220629600258,33.6128126716175,1.96885556465463
Imagen406_8025.png,10.3529734385659,35.8919801051679,1.99111140442273
Imagen406_805.png,11.4379217030776,33.6626833358511,1.9915986509176
Imagen407_11015.png,17.8547308819239,31.7946103897059,2.85904123724969
Imagen407_11025.png,18.4771435800204,32.4747212238373,2.88209512655586
Imagen407_15015.png,16.7744974486916,31.3333609606483,2.79273071945632
Imagen407_2015.png,20.6561179711949,33.098428018945,2.80427289337719
Imagen407_2025.png,20.6855397991878,33.5714837849122,2.77432082645497
Imagen407_205.png,20.3593063939768,30.9215655559905,2.87855014269049
Imagen407_5015.png,19.7786261211257,32.3739023420372,2.81713846694892
Imagen407_505.png,17.7058589190241,30.1512625818429,2.88929943841249
Imagen407_8015.png,18.7864769199806,31.6436238181151,2.85734527581096
Imagen407_805.png,14.5462993967686,30.3455495465852,2.92094642434049
Imagen408_11015.png,0.315815344731995,29.696374508291,2.24111497798021
Imagen408_11050.png,8.25894868817347,35.1281831314885,2.31158640529769
Imagen408_2015.png,5.78607619956545,29.1847994684168,2.28239146563085
Imagen408_205.png,1.77816417160349,23.4449342256534,2.11009081911465
Imagen408_2050.png,22.3479045588277,35.4992941952578,2.3640174743015
Imagen408_5015.png,1.3527742779432,29.4884365466034,2.25682664886534
Imagen408_505.png,7.85513890688461,24.0176808807386,2.10780761651306
Imagen408_5050.png,13.4397089807043,34.9694312883859,2.31955651464576
Imagen408_8015.png,0.556541414705471,29.2083804452669,2.24487511296997
Imagen408_805.png,12.0276868895927,24.6074492219232,2.08624417352704
Imagen408_8050.png,10.3294574774529,35.3372230039044,2.3106037856303
Imagen409_1105.png,12.6091724175666,40.5831578359202,2.26248706524616
Imagen409_15015.png,10.4472990839268,42.3015660687851,2.2892251517617
Imagen409_2015.png,10.4846320700801,41.3733413880147,2.26102709192755
Imagen409_205.png,9.11142214078055,39.5156806836818,2.19936323818471
Imagen409_5015.png,10.0755485680771,41.7068833861288,2.27149525687476
Imagen409_505.png,9.8619433807109,40.6986904183154,2.24218164645131
Imagen409_805.png,11.1033168780222,40.2942674441079,2.25905117140052
Imagen409_8050.png,12.1438122709717,46.4891681286349,2.4564134521968
Imagen41.png,36.3784130353366,28.227325553265,3.22272693533335
Imagen410_11015.png,11.0303734393397,35.224900466748,1.69927114626078
Imagen410_11025.png,10.1175987001427,38.4943372560326,1.72381584485527
Imagen410_1105.png,17.5338128841384,33.0294198365576,1.70353435494732
Imagen410_15015.png,12.4383044790442,34.2841175305402,1.70162817571271
Imagen410_1505.png,18.0864994094108,33.3760939502213,1.70018287392028
Imagen410_2015.png,6.08737227133892,34.7589269754805,1.68352912808726
Imagen410_2025.png,7.76130053703222,39.1351979842816,1.78670881868464
Imagen410_205.png,6.92442240114416,31.8713154555705,1.65426036613536
Imagen410_5015.png,7.38557712051352,35.0319560330671,1.71051502305949
Imagen410_505.png,13.0182080460255,32.1473806304812,1.69535806181965
Imagen411_15025.png,16.0979453017301,39.888015769886,2.29516403210971
Imagen411_2015.png,28.7577969260041,39.1292719347012,2.30967182947218
Imagen411_205.png,8.42291298514691,35.5143336007609,2.22235376136321
Imagen411_5015.png,20.1323047558918,38.338462254184,2.28776577071277
Imagen411_505.png,6.19921252178317,35.9926146854231,2.2437589096566
Imagen411_8015.png,15.8797030274659,38.6214563047784,2.29622263231803
Imagen411_805.png,5.72559812322915,36.2200761676707,2.2409528089527
Imagen412_11015.png,20.7526243479594,41.0204204880603,2.21118513618391
Imagen412_1105.png,17.9392041347121,39.5732976960098,2.31909132219069
Imagen412_15015.png,21.1582172478366,41.0268311930065,2.25950783065523
Imagen412_15025.png,20.7116966571197,43.6300253537404,2.13161461747861
Imagen412_2015.png,17.1106301486686,40.2848911528703,2.12503463948042
Imagen412_2025.png,16.8873399979287,43.4964843417597,2.09221174873516
Imagen412_205.png,19.5271705088715,36.8263214160322,2.13981194401007
Imagen412_5015.png,18.9196125944448,40.2074192270593,2.13052170763932
Imagen412_505.png,19.9554608246212,38.2307953788562,2.24225248194365
Imagen412_805.png,18.8014921691243,39.5191721355432,2.27381459944099
Imagen413_11015.png,19.1998240937372,48.2903616449271,2.06537028443427
Imagen413_11025.png,18.9185790482688,50.4980239217096,2.07792107320835
Imagen413_15015.png,19.8266073751504,48.7352753263063,2.16492124894176
Imagen413_1505.png,20.228872968786,46.5897141568341,2.25655526513214
Imagen413_2015.png,11.5145838449335,46.2301275901004,1.87379418572075
Imagen413_205.png,13.758452747578,43.7622133369768,1.86227678871034
Imagen413_5015.png,16.1721811646837,46.8985100263559,1.9394980877619
Imagen413_5025.png,16.4763100794974,49.8411769342869,1.99959409353373
Imagen413_505.png,18.8383755541142,45.0538052491433,1.98728914524181
Imagen413_8015.png,18.1109565887504,47.679796498208,2.00347310215589
Imagen413_805.png,20.2663211416845,45.4389854713441,2.11118359671176
Imagen414_15015.png,18.97094707071,34.148743011655,2.01500139378716
Imagen414_1505.png,17.3192254140134,33.685533683848,2.06914180805259
Imagen414_2015.png,12.82077816728,32.4627514347314,1.93548694256873
Imagen414_205.png,16.1888683454623,31.4233046492699,1.9550278182648
Imagen414_5015.png,15.2145810184952,32.4179896622206,1.94402066752588
Imagen414_5025.png,15.0891447020011,34.1481550847662,1.97442666801234
Imagen414_505.png,18.5052252420519,32.6423930742747,1.99525447329574
Imagen415_11015.png,28.547709646866,27.4269662024877,1.8622933746018
Imagen415_15015.png,28.1348662204611,28.218783118207,1.85507074206594
Imagen415_2015.png,21.9607276201838,23.096371808305,1.88466299609205
Imagen415_205.png,29.8255195269763,26.5709045375396,1.92710751238579
Imagen415_5015.png,28.0239958619275,25.4979031239777,1.82599702471539
Imagen415_505.png,27.2868684380792,31.0187007366284,1.97775908375097
Imagen415_8015.png,28.4853255020097,27.086141773351,1.85077015386175
Imagen415_805.png,23.8914934577079,31.7659315697977,1.96474839888379
Imagen419.png,19.1200059696678,37.0482278871956,2.36483878682107
Imagen419_205.png,17.1145499077787,26.0809755144336,2.16030490656421
Imagen419_505.png,8.57828114632242,27.1543736688721,2.11165478509606
Imagen419_805.png,6.79705352459485,27.2847040879311,2.09334268524083
Imagen422.png,22.3654907290473,33.8166591486062,2.42619465052738
Imagen43.png,52.5217618214453,38.0114333930349,3.21671837549406
Imagen44.png,55.7868975500911,50.9466768285582,3.605000348795
Imagen45.png,26.2339969693163,26.4819098041939,2.38776312630906
Imagen46.png,46.4562756711537,34.6085946292789,3.02110913117243
Imagen46_1105.png,16.6454979104042,18.7077298523286,2.8712555980526
Imagen46_1505.png,17.1530784487925,19.1552939404569,2.84267553563863
Imagen46_2015.png,9.66149873683836,17.1062441754166,2.70822622298127
Imagen46_2025.png,8.95842283398068,16.9001006769024,2.91459725533284
Imagen46_205.png,13.2286154731296,16.8913035121339,2.87589441968042
Imagen46_5015.png,12.7077854176802,16.9081542917724,2.90520026694949
Imagen46_5025.png,11.7337923436583,14.9556531372946,2.7195235291633
Imagen46_5035.png,10.8900587031751,16.5800450945759,2.69938217422237
Imagen46_505.png,15.1510890781955,19.3583180823099,2.85505898395092
Imagen46_805.png,15.4943335738485,16.1727004776324,2.77618980886064
Imagen47.png,33.6337363154805,19.6671804539767,3.75090564284564
Imagen47_11015.png,10.1615956617466,20.9590767236544,3.21259060920068
Imagen47_1105.png,20.2503335175604,21.0458703997105,3.22995414972238
Imagen47_1505.png,20.602851422122,19.4752227692795,3.22978152542586
Imagen47_205.png,19.999513276151,18.0313104899392,3.89739095091126
Imagen47_5015.png,10.069770144568,21.7980402129448,3.09590023612239
Imagen47_505.png,19.8500090113731,23.2843777366403,3.37607344831762
Imagen47_8015.png,11.8726017257962,21.6107977506711,3.22398273706135
Imagen47_8025.png,19.8961829001856,14.8162903188458,4.03100769106877
Imagen47_805.png,20.4174118412233,22.5269722252553,3.27216858858756
Imagen48.png,52.7092253360562,69.5371863499606,4.16905058528759
Imagen49.png,37.8354991234214,47.954855848644,3.43629443174739
Imagen49_11015.png,35.1180019157618,35.7480939511133,2.82943062838256
Imagen49_1105.png,34.7773206869067,36.1369983556493,2.86536098432401
Imagen49_15015.png,34.9352802676539,35.9178582032224,2.82355670755119
Imagen49_1505.png,35.3957526750525,36.7750680357995,2.87475633192012
Imagen49_2015.png,34.7832824242342,34.0591528347183,2.74755015289172
Imagen49_205.png,36.3045507061262,34.1700840571148,2.76938046657616
Imagen49_505.png,35.9983063746342,36.2211721347397,2.83906283174404
Imagen49_8015.png,35.1476913608439,34.8626380544497,2.82328156941782
Imagen49_805.png,35.0935215665716,36.0687371005146,2.86907747356907
Imagen4_1105.png,24.358767635424,24.2005330929047,3.72773908299708
Imagen4_205.png,24.67940991058,24.2196510667031,3.67104394861279
Imagen4_505.png,21.0144928085964,24.0832027147323,3.81520072858173
Imagen4_8015.png,24.8474917599537,27.2482570020539,3.63049920849366
Imagen4_8025.png,24.3042302101924,23.3617647055636,3.31820944359968
Imagen4_8035.png,35.3975989782128,41.6624439776614,3.8448321941693
Imagen4_805.png,19.8054006696968,28.918741725194,3.78440960876232
Imagen4_8050.png,30.5902107920686,29.9911820795863,3.45664094449836
Imagen5.png,27.5557307132405,25.1886344134837,2.94966219949719
Imagen50.png,35.9852198922758,52.0750256642895,2.78745824748986
Imagen50_11015.png,28.6943530797837,42.5428978648932,2.12637181119286
Imagen50_11025.png,28.4361720049097,43.1309730663418,2.1622065850838
Imagen50_1105.png,29.3669810296003,42.9172249017987,2.14432959363723
Imagen50_15015.png,28.7371557165825,42.8964179175346,2.12396106174389
Imagen50_15025.png,28.4998667412177,42.7636806330152,2.15352337765875
Imagen50_1505.png,29.4957398754325,42.9403538809262,2.15674072936939
Imagen50_2015.png,29.6422779520658,42.3871705624128,2.16186491626019
Imagen50_205.png,30.2071462310128,42.7524685106233,2.16251209259379
Imagen50_505.png,29.8117805206297,43.0351245669805,2.16462192599425
Imagen50_8015.png,28.7777149995934,43.1017154389865,2.13112016275615
Imagen50_805.png,29.6004381379784,42.8816152868814,2.15113297031604
Imagen51.png,42.7189532606572,42.9513369665049,4.46539578931504
Imagen51_11015.png,37.1464897593109,30.4979037382318,3.31455303674846
Imagen51_11025.png,36.8761559645591,30.3072735706423,3.38218880605586
Imagen51_1105.png,37.6447059193225,30.8580609980725,3.30395254101819
Imagen51_15015.png,37.4994753710092,30.6556693754095,3.33183367405471
Imagen51_15025.png,37.2505754140105,30.1036865750194,3.42180197573401
Imagen51_2015.png,35.7410865769426,29.0969292707886,3.30044534339974
Imagen51_2025.png,35.5851220777876,29.6749535397782,3.31114506118108
Imagen51_205.png,36.2273424086409,29.1186568701583,3.31881973984653
Imagen51_5015.png,36.3237126207163,30.2951575685448,3.34496717155769
Imagen51_5025.png,36.2263588660741,29.8032115517198,3.35289799445124
Imagen51_505.png,36.9581371745622,29.8677871422629,3.30952850815249
Imagen51_8015.png,36.8043728977698,30.0276148746658,3.3591926634113
Imagen51_8025.png,36.5810169669468,30.4442065220376,3.3907873740496
Imagen51_805.png,37.291821916325,30.6957588818206,3.30920313330488
Imagen52.png,38.7572255646614,33.628041403273,2.97523608945541
Imagen53.png,42.0574297224734,43.8278322465033,4.02534174492238
Imagen53_11015.png,34.4160655681312,18.7438223117029,3.27480404083746
Imagen53_15015.png,31.8714451626008,23.0111898574808,3.19209007681509
Imagen53_2015.png,34.0021133345022,18.7286104354184,3.19276591171761
Imagen53_205.png,34.601616318416,18.4908125235781,3.22188880752537
Imagen53_5015.png,31.3471973145406,22.0979474860998,3.28300500400328
Imagen53_505.png,34.8668097169975,18.823837998207,3.21497015940918
Imagen53_8015.png,34.594355785837,18.9267315774412,3.29119301369514
Imagen55.png,38.9258399149098,52.0009171133857,3.48683006473834
Imagen55_2015.png,32.8098011701026,52.3641256517139,3.12017358627164
Imagen55_205.png,33.0217993860079,51.9942933823321,3.13424024108154
Imagen55_5015.png,33.0707945184969,52.6404002825468,3.11040171853226
Imagen55_5025.png,33.1104562996829,52.7863478875478,3.06173409325987
Imagen55_8015.png,33.1139551624063,51.4076354948408,3.1173460586755
Imagen55_8025.png,33.1842953605978,52.5764319817723,3.0889177114573
Imagen57.png,36.2209847952124,46.2865113457459,5.58615117258236
Imagen57_11050.png,40.3773876832046,42.9930321037993,5.78664220477411
Imagen57_15050.png,40.4705682094708,42.7434519414227,5.78707683822512
Imagen57_205.png,41.7191456737077,43.4298810127819,5.57115896430467
Imagen57_505.png,42.1426651285933,43.4218665771105,5.51657409818649
Imagen57_5050.png,40.1230958051966,42.9929655337907,5.77538081384559
Imagen57_805.png,42.4533465074203,43.6033779479205,5.48158198308378
Imagen57_8050.png,40.270581814652,43.2405087886054,5.81157128591125
Imagen58.png,4.43215819616588,24.0144786289969,2.38484463864364
Imagen59.png,40.5091368053466,31.2604884949957,6.54673726692514
Imagen6.png,21.5202808687988,33.0140910999614,3.1804478147002
Imagen60.png,32.8898229696451,20.8883135893549,4.03229272935207
Imagen60_15035.png,26.1331795879578,9.31991789675185,3.70483583381078
Imagen61.png,46.1679632958455,37.2643100117143,3.88921162915858
Imagen63.png,37.8821710160951,24.5980174972477,5.40783170505232
Imagen63_15035.png,23.5408980141083,6.15925441459949,3.97870960191289
Imagen63_8015.png,22.2653440242371,6.26105697159557,3.90450650992178
Imagen63_8025.png,22.8401559854605,6.30062876067575,3.93198703260379
Imagen63_8035.png,22.9151101532727,6.24756039545068,3.957113624715
Imagen63_8050.png,22.8955003437464,6.13848885364005,3.97493749940163
Imagen64.png,34.9770505848257,25.3349827046927,5.09259722395149
Imagen64_11025.png,25.8754116672452,8.21303713430219,3.65760939246804
Imagen64_2025.png,28.8843867592718,7.83650073396112,3.76812602876818
Imagen64_2035.png,28.783089661562,7.85755587034656,3.77482135080096
Imagen64_205.png,22.3738667633071,8.35234620825849,3.61835526901507
Imagen64_2050.png,28.6963513709352,8.02839717597734,3.78094005361647
Imagen64_505.png,15.6692981364723,8.91847202937044,3.54506222804291
Imagen65.png,36.6484463018284,38.3242299124155,5.01692687071097
Imagen65_15035.png,15.1076409301463,8.45049748879898,4.48230647239156
Imagen65_15050.png,15.4566327660636,8.30584470773437,4.47873680647079
Imagen65_205.png,13.9013581421234,8.67430098138823,4.59925553506917
Imagen65_505.png,12.3671766014051,8.46291760151086,4.5935568683826
Imagen66.png,36.2487529256804,30.4951393758051,6.40749348531476
Imagen66_1105.png,2.61300601197571,14.8348595975669,3.04273781025112
Imagen66_15025.png,14.3202406390825,13.4149961606179,4.28143873262154
Imagen66_15035.png,14.5230286945045,14.0106864540224,4.3496547280623
Imagen66_15050.png,15.3726516773116,14.2504967729672,4.43465648747351
Imagen66_205.png,12.1929802284233,12.9464449976175,3.41262381096394
Imagen66_505.png,4.4634534897924,14.2557951597325,3.16328938920801
Imagen66_805.png,2.855202619651,15.1576195655473,3.06215049402426
Imagen67.png,39.9968283246976,28.6573371399179,5.99760882830653
Imagen67_1105.png,3.94737344086462,9.16606496298301,3.74552514910807
Imagen67_505.png,8.09908239204265,8.81520891640429,3.90267997653965
Imagen67_805.png,5.13542242040797,9.12374777412249,3.81635865194638
Imagen68_11025.png,19.5045118666568,27.6879683726158,2.06713813677429
Imagen68_11035.png,19.1671906671781,28.176667395928,2.07327218489579
Imagen68_1105.png,13.7876127353527,28.293628634165,2.06046121521817
Imagen68_11050.png,18.2104770647649,28.6447112539907,2.05726772471912
Imagen68_15025.png,19.3178487089475,27.7266488732713,2.06130602031264
Imagen68_15035.png,18.9125782784588,28.4138658624554,2.06534251450319
Imagen68_1505.png,14.992447961337,29.2638537303292,2.05930107420695
Imagen68_15050.png,18.1326349708908,28.4767220755692,2.04969658689361
Imagen68_2015.png,21.1250322964615,25.4708505173578,2.08290626681221
Imagen68_2025.png,20.9117797576204,27.1749268170842,2.17674264318485
Imagen68_2035.png,20.8465594893267,28.2247088650591,2.19431907950623
Imagen68_205.png,16.3378090101677,24.2984838227861,2.02398577967153
Imagen68_2050.png,20.6361619142073,29.2339436503394,2.22297822162425
Imagen68_5015.png,20.351338730901,25.6010566733002,2.03408701506019
Imagen68_5035.png,19.8423405532621,28.5254320127174,2.11855056807834
Imagen68_505.png,12.3004631774914,26.0249681668785,2.04673024824638
Imagen68_5050.png,19.4817599789834,29.3287402551232,2.10838967073322
Imagen68_8015.png,19.6954837797434,25.8652540387278,2.00470343976865
Imagen68_805.png,12.6052903112789,26.7146296057955,2.0729841436541
Imagen69.png,38.1612144425555,26.4383074048739,5.45011683965445
Imagen69_2015.png,21.7845816964512,12.8186310773868,4.1225095696015
Imagen69_205.png,14.3534036050748,11.4993975644875,3.33901471505675
Imagen69_505.png,10.0381974788841,11.5393129513232,3.15893777511993
Imagen6_11035.png,14.3089203369983,25.4967126069176,2.67928528418219
Imagen6_15035.png,19.1670898346174,36.3967352743633,3.32872156455829
Imagen6_5035.png,11.539919923738,24.3549447162523,2.48060897021113
Imagen6_8015.png,9.77648187979189,28.4051022172116,2.71087619567775
Imagen6_8025.png,33.8932775377544,50.1229704041681,3.53022850814587
Imagen6_8035.png,12.1262438455042,25.9150051449914,2.56128091041604
Imagen70.png,38.6204894083821,23.51732971576,5.57243473083214
Imagen70_2015.png,27.0331169726682,6.64434637794071,4.15016937404123
Imagen70_2025.png,29.0456801603997,6.13933832092331,4.13849369131526
Imagen70_205.png,18.416524089169,7.16602289505855,4.07588855438831
Imagen70_505.png,15.9906237322704,7.02233650509173,4.06859080886755
Imagen70_805.png,15.6432724813077,7.33278228056262,4.0334281049688
Imagen71.png,38.1598094825482,24.8035695441157,5.59349107977529
Imagen71_11035.png,23.0496909476832,6.0580888855167,4.20811802477214
Imagen71_1105.png,18.3661235265181,6.34931954765148,4.07921444230763
Imagen71_11050.png,23.4081756053709,6.12792319750079,4.19935816181383
Imagen71_15015.png,21.3652665700711,5.97887055732954,4.15748211458126
Imagen71_15025.png,22.4333915698141,6.09580285125099,4.16649706669323
Imagen71_15035.png,22.7149418798008,6.15112790836816,4.19542542624085
Imagen71_1505.png,17.5906930003743,6.0561952114857,4.09721484170747
Imagen71_15050.png,23.2526692230161,6.10106294483002,4.19385234332195
Imagen71_2015.png,24.8804158382413,6.01349394637266,4.18661629341684
Imagen71_205.png,23.7000467282217,6.12279422681762,4.14080035258745
Imagen71_505.png,20.4973089801344,6.01883465055306,4.12049555801873
Imagen71_805.png,19.2983042440114,6.31141444668974,4.08983429336361
Imagen72.png,23.9653214675362,33.8512072854224,2.29128998268223
Imagen72_11015.png,13.1287823686232,16.2519957020961,3.69116093080341
Imagen72_1105.png,14.6994080239263,15.5963422998504,2.63556342608542
Imagen72_1505.png,16.9581119062451,15.3617420853226,2.51327918848371
Imagen72_205.png,13.7344503281041,14.9236264690181,3.25069116830236
Imagen72_505.png,17.3497874499819,14.8576906003455,2.75988936176539
Imagen72_805.png,16.4151820060284,15.5387061698595,2.75731326904322
Imagen73.png,19.2208130799291,31.7202456165877,2.45095290911581
Imagen74.png,19.170606211384,20.1069157576994,3.29979403809228
Imagen75.png,18.77336702805,32.2858534527891,2.5565973528527
Imagen76.png,15.525741402457,31.6295769299608,2.61625088129775
Imagen77.png,14.4576268313833,26.1298478259661,2.9400305631374
Imagen78.png,18.1721838747663,33.7970641883909,2.85005858607443
Imagen79.png,19.9253137658939,33.2003455621683,2.60572254758049
Imagen7_.png,47.4601149919247,78.2176291735464,5.21431331045632
Imagen7_1105.png,53.2368034498999,74.5422028768631,5.10970045840143
Imagen7_15035.png,57.5879283875581,83.9403679378883,5.22637513839407
Imagen7_205.png,55.4653078767911,77.4030886725667,5.51781886974967
Imagen7_505.png,55.6301392410686,82.495136635482,5.52593155432429
Imagen7_805.png,55.0399583340236,77.996955413769,5.48783052666247
Imagen8.png,48.6437042268554,81.5184622627979,4.96491763842667
Imagen80.png,21.3193016036883,39.6668709311562,3.47418464619672
Imagen80_205.png,5.90822212039433,26.1492747498976,2.94658645986049
Imagen80_505.png,4.94820877605431,26.3618886521917,2.93182109879821
Imagen80_805.png,4.71023484720538,26.1758726085876,2.9333004457141
Imagen81.png,37.2527406049182,39.0652828276841,3.12226206756981
Imagen81_11015.png,21.0038090521821,21.7502868246242,3.12809238116625
Imagen81_1105.png,21.7294263629885,21.4058831021056,3.10751923598714
Imagen81_15015.png,21.2104499023243,21.8389483288879,3.12318437755337
Imagen81_2015.png,19.4643910397947,21.5275259082173,3.13661635042737
Imagen81_2025.png,19.2621990101448,21.9476105444362,3.12535320149591
Imagen81_205.png,20.3759049584615,21.0595483336748,3.12484792164227
Imagen81_5015.png,20.1234571003948,21.3692267192005,3.12875065831348
Imagen81_505.png,21.0495940786951,20.9156343947833,3.12446936627701
Imagen81_8015.png,20.734741778454,21.9368655712998,3.11004564040247
Imagen81_805.png,21.4978974244208,21.3643433345056,3.10501057895546
Imagen82.png,22.7859175170626,28.8053545033451,2.86093307687407
Imagen83.png,11.4659883861388,28.2507712914368,3.31629835967084
Imagen83_1105.png,23.9477505587908,24.7310953534301,2.8847379697756
Imagen83_1505.png,22.1034238843632,24.6391727781749,2.88899900240956
Imagen83_2015.png,42.7601365642165,27.648198621524,3.17861576890754
Imagen83_205.png,33.3905800156127,24.8520340376019,2.94875148742928
Imagen83_505.png,28.340347636117,24.8594581119207,2.90656576933237
Imagen83_805.png,25.6776443768451,25.0180796770923,2.89714986197557
Imagen85.png,26.8322111729278,55.5254445304709,4.48116571583674
Imagen85_1105.png,19.2738091366383,16.3259274249934,3.64372939705775
Imagen85_1505.png,19.3210062769101,16.2794743825124,3.65079151821111
Imagen85_2015.png,14.9629481673249,16.0631338888472,3.69873820255866
Imagen85_205.png,14.0662951674554,15.7546547779542,3.68365639904283
Imagen85_505.png,17.0234543859221,16.0196396168548,3.68327340584019
Imagen85_805.png,18.3893988416772,16.119508224169,3.65666993531993
Imagen86.png,15.9938689601883,14.1615719057385,2.48968659746447
Imagen87.png,11.5285644271495,28.4504414241902,3.12799231005455
Imagen87_1105.png,8.09540164663992,32.4609887616671,3.29596953705868
Imagen87_205.png,30.9913086884325,20.8790313382513,3.43701142682919
Imagen87_505.png,8.65215863743472,32.5270039246108,3.31742140951689
Imagen87_805.png,8.18629546248568,32.5468281113153,3.29758946656844
Imagen88.png,22.0285913208339,20.5426089705166,2.78802854521671
Imagen89.png,4.58122317256961,27.7439592378352,2.57581392316279
Imagen8_11025.png,55.746296272971,84.4009121553662,4.64879967164143
Imagen8_11035.png,57.0777696551446,83.5788159067576,4.61014885488604
Imagen8_11050.png,56.9938258303985,81.5413204180575,4.81339512988279
Imagen8_2015.png,56.1666116956083,83.2626383542014,4.68644200457996
Imagen8_2025.png,56.9507081384885,84.0738062509367,4.69237616213454
Imagen8_2035.png,58.0123375082115,83.6618047072584,4.64979169562445
Imagen8_2050.png,58.1772930546208,82.1234738144361,4.76422418314851
Imagen9.png,43.7336166511985,71.6083118346816,4.3777700078358
Imagen90.png,19.6418192384027,44.4247239830264,3.12614507962707
Imagen90_1105.png,9.95299991816952,32.6823376751197,3.04267406406915
Imagen90_1505.png,10.7989377647797,32.8979881352795,3.03449925403838
Imagen90_205.png,7.07312275837374,32.2186639724104,3.08094665804588
Imagen90_505.png,8.42135529981271,32.4763165527197,3.04790835494694
Imagen90_805.png,9.43035634711998,32.726538056454,3.03563460099365
Imagen92.png,24.9441289835798,46.01411944495,3.52140089639037
Imagen92_1105.png,25.5460522472255,28.3097890849947,3.01235515404399
Imagen92_1505.png,25.5273139462921,28.5700881070315,3.00786614573863
Imagen92_2015.png,25.8001025377277,28.421787228395,3.07966536260218
Imagen92_205.png,25.7150566375752,28.0734546403928,3.03152466086474
Imagen92_505.png,25.5372959729834,28.2989604654146,3.02966468092225
Imagen92_805.png,25.5204599807423,28.2198328923017,3.01800857181632
Imagen94.png,29.2486737623752,27.0264645535398,2.48671525796973
Imagen94_205.png,19.2357369058002,15.3039192490334,2.0450143530081
Imagen94_505.png,19.8439967267978,15.4988560424775,2.03721367145533
Imagen94_805.png,20.1154494498947,15.7299986733146,2.01408890272243
Imagen95.png,13.4377555097713,26.9530549638444,4.24905893040799
Imagen96.png,33.0991075437874,34.5760110185607,3.21266016801289
Imagen96_1105.png,23.2909424475926,19.1804619769368,3.36022072055533
Imagen96_1505.png,22.9000434309086,19.6478509113587,3.34330800531943
Imagen96_205.png,25.5626289501885,18.4458461491592,3.44244818817724
Imagen96_505.png,24.2657182566296,18.9278776809538,3.38198588849733
Imagen96_805.png,23.6555517496882,18.9814805816472,3.36911865484676
Imagen97.png,44.0409344568771,27.9809321441974,2.90401906032985
Imagen97_1105.png,8.96391924746921,31.9260686526422,2.76396662215444
Imagen97_205.png,11.1415593575833,32.7251202930228,2.80356821723447
Imagen97_505.png,10.3953698301048,31.8305688958593,2.76620269125513
Imagen97_805.png,9.69953581936604,32.0709109829505,2.76501073682513
Imagen98.png,26.8491385495114,30.3983310001369,2.8282860439163
Imagen98_1505.png,38.9523044690554,37.2927891408468,3.49563487877393
Imagen98_2015.png,31.293630966607,16.9480685263524,3.07249149923247
Imagen98_205.png,5.54003497766679,14.8082775626546,2.45659427196552
Imagen98_505.png,30.9994043430921,30.7670123869636,3.23209082007896
Imagen98_805.png,29.174495742144,27.4298372692292,3.01824487477356
Imagen9_1105.png,48.7384320768873,69.0469817348693,4.1883535181131
Imagen9_1505.png,48.5198808918237,69.5508758762448,4.24075403608882
Imagen9_205.png,50.9810344761468,68.4166181193515,4.15379859484882
Imagen9_5015.png,53.413961801235,68.7304215198821,4.18516949167833
Imagen9_5025.png,55.3778730475047,68.9828526721835,4.27540192667666
Imagen9_5035.png,55.1299387938828,67.8716338748064,4.28055379233555
Imagen9_505.png,49.767771478769,69.6235642121611,4.14836042746785
Imagen9_805.png,49.2541190393635,68.4061468807279,4.15228202597051
